[
  {
    "value": "4010120",
    "synonyms": [
      "park point",
      "parkpoint"
    ]
  },
  {
    "value": "4013312",
    "synonyms": [
      "province"
    ]
  },
  {
    "value": "4013426",
    "synonyms": [
      "R.I.T express 1",
      "rit express",
      "rit express 1"
    ]
  },
  {
    "value": "4013428",
    "synonyms": [
      "R.I.T express 2",
      "rit express 2"
    ]
  },
  {
    "value": "4013740",
    "synonyms": [
      "weekend retail 1"
    ]
  },
  {
    "value": "4013738",
    "synonyms": [
      "weekend retail 2"
    ]
  },
  {
    "value": "4012168",
    "synonyms": [
      "weekend R.I.T inn",
      "weekend rit inn"
    ]
  },
  {
    "value": "4010126",
    "synonyms": [
      "perkins green"
    ]
  },
  {
    "value": "4012162",
    "synonyms": [
      "b lot"
    ]
  },
  {
    "value": "4013314",
    "synonyms": [
      "perkins park point, per pa"
    ]
  },
  {
    "value": "4013318",
    "synonyms": [
      "supplemental east side"
    ]
  },
  {
    "value": "4013320",
    "synonyms": [
      "R.I.T inn",
      "rit inn"
    ]
  },
  {
    "value": "4013322",
    "synonyms": [
      "evening campus shuttle"
    ]
  },
  {
    "value": "4013316",
    "synonyms": [
      "weekend early morning shuttle"
    ]
  }
]