[
  {
    "value": "4177316",
    "synonyms": [
      "riverknoll",
      "river knoll"
    ]
  },
  {
    "value": "4223866",
    "synonyms": [
      "LBJ",
      "lyndon b johnson"
    ]
  },
  {
    "value": "4223872",
    "synonyms": [
      "j lot"
    ]
  },
  {
    "value": "4224596",
    "synonyms": [
      "gleason circle",
      "gleason"
    ]
  },
  {
    "value": "4224602",
    "synonyms": [
      "perkins green",
      "perkins"
    ]
  },
  {
    "value": "4224606",
    "synonyms": [
      "barnes and nobles",
      "barnes \u0026 nobles",
      "barne\u0027s \u0026 nobles"
    ]
  },
  {
    "value": "4224610",
    "synonyms": [
      "park point north",
      "parkpoint north",
      "park point",
      "parkpoint"
    ]
  },
  {
    "value": "4224614",
    "synonyms": [
      "park point south",
      "parkpoint south"
    ]
  },
  {
    "value": "4224618",
    "synonyms": [
      "the province",
      "province"
    ]
  },
  {
    "value": "4224622",
    "synonyms": [
      "residence halls",
      "residence",
      "residence hall"
    ]
  },
  {
    "value": "4224630",
    "synonyms": [
      "south town plaza",
      "southtown plaza"
    ]
  },
  {
    "value": "4224634",
    "synonyms": [
      "marketplace mall",
      "market place",
      "marketplace",
      "market place mall"
    ]
  },
  {
    "value": "4224638",
    "synonyms": [
      "wegmans",
      "wegman"
    ]
  },
  {
    "value": "4224642",
    "synonyms": [
      "target"
    ]
  },
  {
    "value": "4224646",
    "synonyms": [
      "walmart west",
      "walmart"
    ]
  },
  {
    "value": "4224650",
    "synonyms": [
      "regal cinemas",
      "regal",
      "regal cinema"
    ]
  },
  {
    "value": "4224658",
    "synonyms": [
      "jefferson plaza"
    ]
  },
  {
    "value": "4224662",
    "synonyms": [
      "R.I.T inn",
      "rit inn"
    ]
  },
  {
    "value": "4224666",
    "synonyms": [
      "uc west"
    ]
  },
  {
    "value": "4224670",
    "synonyms": [
      "global village",
      "global village rit"
    ]
  },
  {
    "value": "4224678",
    "synonyms": [
      "b lot"
    ]
  },
  {
    "value": "4224694",
    "synonyms": [
      "west henrietta MCC",
      "MCC"
    ]
  },
  {
    "value": "4230792",
    "synonyms": [
      "lot 22",
      "crittenden road lot 22"
    ]
  },
  {
    "value": "4231696",
    "synonyms": [
      "crittenden road lot 20",
      "lot 20"
    ]
  },
  {
    "value": "4231698",
    "synonyms": [
      "walmart east"
    ]
  },
  {
    "value": "4231700",
    "synonyms": [
      "s lot"
    ]
  },
  {
    "value": "4231702",
    "synonyms": [
      "marketsquare plaza",
      "market square plaza"
    ]
  },
  {
    "value": "4231704",
    "synonyms": [
      "east henrietta east squire",
      "east henrietta",
      "east squire",
      "east henrietta and east squire",
      "east henrietta \u0026 east squire"
    ]
  },
  {
    "value": "4236658",
    "synonyms": [
      "f lot"
    ]
  }
]